{
  "eval_loss": 1.1108461618423462,
  "eval_model_preparation_time": 0.0028,
  "eval_accuracy": 0.62125,
  "eval_f1": 0.6162394865858425,
  "eval_precision": 0.6154792602904134,
  "eval_recall": 0.62125,
  "eval_runtime": 1233.6625,
  "eval_samples_per_second": 1.297,
  "eval_steps_per_second": 0.081,
  "classification_report": null
}